,URL,Title,Date
0,https://ru.reuters.com/article/topNews/idRUKCN1NW1E7-ORUTP,Европейские политики призвали к новым санкциям против РФ за задержание украинских кораблей,2018-27-11
1,https://ru.reuters.com/article/topNews/idRUKCN1NW13N-ORUTP,Судьба сделки о Brexit под вопросом на фоне критики со стороны главного союзника Мэй,2018-27-11
2,https://ru.reuters.com/article/topNews/idRUKCN1NW0UR-ORUTP,Кремль опасается роста напряженности на юго-востоке Украины после введения военного положения,2018-27-11
3,https://ru.reuters.com/article/topNews/idRUKCN1NX1B3-ORUTP,Путин понизил планку приемлемой для РФ цены на нефть в преддверии встречи ОПЕК+,2018-28-11
4,https://ru.reuters.com/article/topNews/idRUKCN1NX1OY-ORUTP,Кремль встреча Путина и Трампа нужна обеим сторонам для нормализации отношений,2018-28-11
5,https://ru.reuters.com/article/topNews/idRUKCN1NX1L4-ORUTP,Отношения с Западом в центре внимания на выборах президента Грузии,2018-28-11
6,https://ru.reuters.com/article/topNews/idRUKCN1NX1F0-ORUTP,Путин назвал инцидент вблизи Керченского пролива провокацией перед выборами на Украине,2018-28-11
7,https://ru.reuters.com/article/topNews/idRUKCN1NX1B1-ORUTP,"Путин надеюсь, мы сможем поговорить с Трампом в Аргентине",2018-28-11
8,https://ru.reuters.com/article/topNews/idRUKCN1NX1A1-ORUTP,Россия отправит в Крым еще один С-400 на фоне морского конфликта с Украиной,2018-28-11
9,https://ru.reuters.com/article/topNews/idRUKCN1NX0UQ-ORUTP,Кремль подготовка к встрече Путина и Трампа продолжается,2018-28-11
10,https://ru.reuters.com/article/topNews/idRUKCN1NX0TE-ORUTP,Упавший в море лайнер Lion Air не был годен к полету -- следователи,2018-28-11
11,https://ru.reuters.com/article/topNews/idRUKCN1NX0JW-ORUTP,Трамп может отменить встречу с Путиным из-за морского конфликта РФ и Украины,2018-28-11
12,https://ru.reuters.com/article/topNews/idRUKCN1NY226-ORUTP,Прокуратура Гамбурга начала дело против трех служащих Siemens из-за турбин в Крыму,2018-29-11
13,https://ru.reuters.com/article/topNews/idRUKCN1NY17G-ORUTP,Меркель цель санкций против России - защита международного права,2018-29-11
14,https://ru.reuters.com/article/topNews/idRUKCN1NY109-ORUTP,Украина обвинила Россию в блокировании портов в Азовском море,2018-29-11
15,https://ru.reuters.com/article/topNews/idRUKCN1NY0PY-ORUTP,Путин и Трамп встретятся 1 декабря на саммите G20 - документ Кремля,2018-29-11
16,https://ru.reuters.com/article/topNews/idRUKCN1NY0L7-ORUTP,Кандидат власти победила на последних прямых выборах президента Грузии,2018-29-11
17,https://ru.reuters.com/article/topNews/idRUKCN1NZ1ZX-ORUTP,У Трампа и Путина не будет запланированной встречи на ногах на саммите G20 -- США,2018-30-11
18,https://ru.reuters.com/article/topNews/idRUKCN1NZ1TE-ORUTP,Страны G7 выразили обеспокоенность в связи с захватом РФ украинских судов,2018-30-11
19,https://ru.reuters.com/article/topNews/idRUKCN1NZ1SS-ORUTP,Союзник Меркель предложила ЕС и США блокировать корабли РФ за морской конфликт с Украиной,2018-30-11
20,https://ru.reuters.com/article/topNews/idRUKCN1NZ1ID-ORUTP,ЕС продлит санкции против России в декабре - Туск,2018-30-11
21,https://ru.reuters.com/article/topNews/idRUKCN1NZ1CQ-ORUTP,Торговая война и усиление напряженности омрачают саммит G20 в Аргентине,2018-30-11
22,https://ru.reuters.com/article/topNews/idRUKCN1NZ0RO-ORUTP,Украина ограничила въезд российских мужчин,2018-30-11
23,https://ru.reuters.com/article/topNews/idRUKCN1NZ0ZY-ORUTP,Украина обдумывает зеркальные меры против РФ,2018-30-11
24,https://ru.reuters.com/article/topNews/idRUKCN1NZ0U1-ORUTP,Бывший адвокат Трампа признался в даче ложных показаний о проекте строительства небоскреба в Москве,2018-30-11
25,https://ru.reuters.com/article/topNews/idRUKCN1NZ0HA-ORUTP,Трамп отменил встречу с Путиным на G20 из-за конфликта в Керчи,2018-30-11
26,https://ru.reuters.com/article/topNews/idRUKCN1O03O1-ORUTP,Избранный президент Грузии намерена быть требовательной в отношениях с Западом,2018-01-12
27,https://ru.reuters.com/article/topNews/idRUKBN1O21OW-ORUTP,Служба безопасности Чехии обвинила Россию в кибератаках на МИД,2018-03-12
28,https://ru.reuters.com/article/topNews/idRUKBN1O21LG-ORUTP,Трамп надеется обсудить неконтролируемую гонку вооружений с Китаем и Россией,2018-03-12
29,https://ru.reuters.com/article/topNews/idRUKBN1O21CU-ORUTP,Глава британской разведки призвал Россию не вмешиваться в дела Запада,2018-03-12
30,https://ru.reuters.com/article/topNews/idRUKBN1O215G-ORUTP,Союз с экипажем стартовал к МКС впервые после октябрьской аварии,2018-03-12
31,https://ru.reuters.com/article/topNews/idRUKBN1O20TL-ORUTP,Россия заинтересована во взаимодействии с С.Аравией в рамках ОПЕК+ -- Кремль,2018-03-12
32,https://ru.reuters.com/article/topNews/idRUKBN1O20TE-ORUTP,Москва не планирует создавать наземный коридор в Крым -- Кремль,2018-03-12
33,https://ru.reuters.com/article/topNews/idRUKBN1O20P1-ORUTP,США и Китай договорились о торговом перемирии после встречи Трампа и Си,2018-03-12
34,https://ru.reuters.com/article/topNews/idRUKBN1O323T-ORUTP,Трамп предупредил о новых пошлинах в случае невозможности сделки с Китаем,2018-04-12
35,https://ru.reuters.com/article/topNews/idRUKBN1O31KS-ORUTP,Кремль не ждет представительной делегации РФ на форуме в Давосе,2018-04-12
36,https://ru.reuters.com/article/topNews/idRUKBN1O31KK-ORUTP,"Кремль РФ не будет упрашивать о новой встрече Путина и Трампа, все зависит от США",2018-04-12
37,https://ru.reuters.com/article/topNews/idRUKBN1O31K9-ORUTP,"Путин и Мадуро в среду встретятся в Москве, обсудят сотрудничество в энергетике",2018-04-12
38,https://ru.reuters.com/article/topNews/idRUKBN1O3154-ORUTP,Власти Франции отложили повышение топливного налога на полгода,2018-04-12
39,https://ru.reuters.com/article/topNews/idRUKBN1O31E5-ORUTP,Трамп строит новый либеральный миропорядок -- Помпео,2018-04-12
40,https://ru.reuters.com/article/topNews/idRUKBN1O30XO-ORUTP,Трамп призвал вынести своему бывшему адвокату полноценный приговор,2018-04-12
41,https://ru.reuters.com/article/topNews/idRUKBN1O30X1-ORUTP,Россия частично разблокировала украинские порты Азовского моря -- министр инфраструктуры Украины,2018-04-12
42,https://ru.reuters.com/article/topNews/idRUKBN1O30QY-ORUTP,Мэй начинает дебаты в парламенте в попытке добиться одобрения сделки о Brexit,2018-04-12
43,https://ru.reuters.com/article/topNews/idRUKBN1O41QP-ORUTP,Попавшие в российско-украинский шторм сухогруз и тонны зерна,2018-05-12
44,https://ru.reuters.com/article/topNews/idRUKBN1O41GZ-ORUTP,Зима в Керченском проливе ограничит экспорт зерна жестче любых санкций,2018-05-12
45,https://ru.reuters.com/article/topNews/idRUKBN1O41GK-ORUTP,Россия проводит учения в Черноморском регионе на фоне конфликта с Украиной,2018-05-12
46,https://ru.reuters.com/article/topNews/idRUKBN1O41BO-ORUTP,JPMorgan повысил вероятность отмены Brexit до 40%,2018-05-12
47,https://ru.reuters.com/article/topNews/idRUKBN1O4160-ORUTP,Словакия выслала российского дипломата из-за подозрений в шпионаже,2018-05-12
48,https://ru.reuters.com/article/topNews/idRUKBN1O4149-ORUTP,Собор по созданию независимой Украинской церкви состоится 15 декабря - Порошенко,2018-05-12
49,https://ru.reuters.com/article/topNews/idRUKBN1O40I0-ORUTP,США дали России 60 дней на выполнение договора о контроле над вооружениями,2018-05-12
50,https://ru.reuters.com/article/topNews/idRUKBN1O515N-ORUTP,"Мэй - парламенту моя сделка, никакой сделки или никакого Brexit",2018-06-12
51,https://ru.reuters.com/article/topNews/idRUKBN1O50OG-ORUTP,Франция отказалась от повышения топливного налога в 19 году на фоне уличных протестов,2018-06-12
52,https://ru.reuters.com/article/topNews/idRUKBN1O6206-ORUTP,ОПЕК и Россия договорились о сокращении добычи нефти вопреки давлению Трампа,2018-07-12
53,https://ru.reuters.com/article/topNews/idRUKBN1O61GP-ORUTP,"Меркель покинула пост главы своей партии, готовящейся выбрать нового лидера",2018-07-12
54,https://ru.reuters.com/article/topNews/idRUKBN1O619I-ORUTP,Филиппины предпочли российским вертолетам американские из-за санкций США,2018-07-12
55,https://ru.reuters.com/article/topNews/idRUKBN1O6104-ORUTP,Путин обсудил с главой Минэнерго России заседание ОПЕК+,2018-07-12
56,https://ru.reuters.com/article/topNews/idRUKBN1O60MQ-ORUTP,"США призвали РФ избавиться от крылатых ракет, нарушающих ДРСМД",2018-07-12
57,https://ru.reuters.com/article/topNews/idRUKBN1O91HF-ORUTP,Мэй отменит парламентское голосование о Brexit - Би-би-си,2018-10-12
58,https://ru.reuters.com/article/topNews/idRUKBN1O90Z4-ORUTP,Кремль назвал клеветой сообщения о причастности РФ к протестам во Франции,2018-10-12
59,https://ru.reuters.com/article/topNews/idRUKBN1O90VV-ORUTP,Британия может в одностороннем порядке отменить Brexit - суд ЕС,2018-10-12
60,https://ru.reuters.com/article/topNews/idRUKBN1O90I6-ORUTP,Блок действующего премьер-министра Армении победил на выборах в парламент,2018-10-12
61,https://ru.reuters.com/article/topNews/idRUKBN1OA1E7-ORUTP,Парламент Британии проведет голосование по вопросу Brexit до 21 января - представитель Мэй,2018-11-12
62,https://ru.reuters.com/article/topNews/idRUKBN1OA0QQ-ORUTP,Задержанная в США россиянка может признать себя виновной в рамках сделки с прокурорами - документы,2018-11-12
63,https://ru.reuters.com/article/topNews/idRUKBN1OA0NO-ORUTP,Мэй отложила голосование сделки о Brexit в надежде на новые уступки ЕС,2018-11-12
64,https://ru.reuters.com/article/topNews/idRUKBN1OA0NE-ORUTP,США ввели санкции против 3 чиновников КНДР за нарушение прав человека,2018-11-12
65,https://ru.reuters.com/article/topNews/idRUKBN1OA0FD-ORUTP,Президент Молдавии назначил министром финансов Иона Кику,2018-11-12
66,https://ru.reuters.com/article/topNews/idRUKBN1OB1UQ-ORUTP,ЕС не пришел к консенсусу о введении санкций против РФ за морской конфликт с Украиной - чиновник,2018-12-12
67,https://ru.reuters.com/article/topNews/idRUKBN1OB1N3-ORUTP,Лидеры ЕС в четверг обнародуют заявление о Brexit - Туск,2018-12-12
68,https://ru.reuters.com/article/topNews/idRUKBN1OB0R1-ORUTP,"Мэй пообещала бороться с попытками сместить ее, предупредила об угрозе для Brexit",2018-12-12
69,https://ru.reuters.com/article/topNews/idRUKBN1OB0UT-ORUTP,"ЭКСКЛЮЗИВ-Трамп поддерживает саудовского принца, не верит в его причастность к убийству журналиста",2018-12-12
70,https://ru.reuters.com/article/topNews/idRUKBN1OB0KP-ORUTP,"Три человека погибли в результате стрельбы в Страсбурге, нападавший сбежал",2018-12-12
71,https://ru.reuters.com/article/topNews/idRUKBN1OC2DA-ORUTP,Задержанная в США россиянка частично признала свою вину в сговоре,2018-13-12
72,https://ru.reuters.com/article/topNews/idRUKBN1OC0UX-ORUTP,"Мэй преодолела вотум недоверия, но судьба сделки о Brexit под вопросом",2018-13-12
73,https://ru.reuters.com/article/topNews/idRUKBN1OC0U6-ORUTP,Суд приговорил бывшего адвоката Трампа к 3 годам тюрьмы,2018-13-12
74,https://ru.reuters.com/article/topNews/idRUKBN1OD1XF-ORUTP,Россия усилит контроль за рунетом из политических опасений,2018-14-12
75,https://ru.reuters.com/article/topNews/idRUKBN1OD1LH-ORUTP,"Украина говорит, что российские хакеры украли данные воинских частей",2018-14-12
76,https://ru.reuters.com/article/topNews/idRUKBN1OD11U-ORUTP,"ЕС предоставил Мэй гарантии относительно Brexit, но исключил пересмотр сделки",2018-14-12
77,https://ru.reuters.com/article/topNews/idRUKBN1OD0WC-ORUTP,Главный подозреваемый в атаке в Страсбурге застрелен полицией - чиновники,2018-14-12
78,https://ru.reuters.com/article/topNews/idRUKBN1OD0OU-ORUTP,"ЕС решил продлить санкции против России, но воздержался от новых",2018-14-12
79,https://ru.reuters.com/article/topNews/idRUKBN1OG1QJ-ORUTP,"Трамп и Конгресс не могут разрешить спор о стене на границе, чтобы избежать закрытия правительства",2018-17-12
80,https://ru.reuters.com/article/topNews/idRUKBN1OG1ME-ORUTP,"Правительство Италии согласовало новый проект бюджета, ждет одобрения ЕС",2018-17-12
81,https://ru.reuters.com/article/topNews/idRUKBN1OG1IU-ORUTP,"Мэй продолжает добиваться одобрения сделки о Brexit, несмотря на призывы к новому референдуму",2018-17-12
82,https://ru.reuters.com/article/topNews/idRUKBN1OG147-ORUTP,Кремль поприветствовал решение о допуске бизнесменов из РФ к участию в форуме в Давосе,2018-17-12
83,https://ru.reuters.com/article/topNews/idRUKBN1OG0UI-ORUTP,Сенат США на этой неделе опубликует доклад о вмешательстве России в выборы - газета,2018-17-12
84,https://ru.reuters.com/article/topNews/idRUKBN1OH1L0-ORUTP,Британия усилит подготовку к возможному выходу из ЕС без сделки -- представитель Мэй,2018-18-12
85,https://ru.reuters.com/article/topNews/idRUKBN1OH0YC-ORUTP,Япония увеличит закупку военной техники у США для противостояния Китаю и России,2018-18-12
86,https://ru.reuters.com/article/topNews/idRUKBN1OH0MK-ORUTP,Россия использовала соцсети для масштабного вмешательства в американскую политику - доклады,2018-18-12
87,https://ru.reuters.com/article/topNews/idRUKBN1OH0OR-ORUTP,Суд США во вторник огласит приговор экс-советнику Трампа в рамках связанного с Россией дела,2018-18-12
88,https://ru.reuters.com/article/topNews/idRUKBN1OI2HJ-ORUTP,"Дерипаска убедил США снять санкции с Русала и En+, пожертвовав своим контролем",2018-19-12
89,https://ru.reuters.com/article/topNews/idRUKBN1OI1SR-ORUTP,США думают над полным выводом сил из Сирии -- чиновники,2018-19-12
90,https://ru.reuters.com/article/topNews/idRUKBN1OI1O0-ORUTP,Литва сообщила о задержании нескольких своих граждан по подозрению в шпионаже на Россию,2018-19-12
91,https://ru.reuters.com/article/topNews/idRUKBN1OI1LC-ORUTP,Крупный бизнес обсудит с Путиным возможные новые санкции на следующей неделе,2018-19-12
92,https://ru.reuters.com/article/topNews/idRUKBN1OI0QO-ORUTP,"Утечка дипломатической переписки пролила свет на тревоги ЕС о России, Иране, Трампе - газета",2018-19-12
93,https://ru.reuters.com/article/topNews/idRUKCN1OJ2GY-ORUTP,Выход из тупика Дерипаска сдает алюминиевую империю,2018-20-12
94,https://ru.reuters.com/article/topNews/idRUKBN1OJ11G-ORUTP,ПРЯМАЯ РЕЧЬ-Ежегодная пресс-конференция президента РФ Владимира Путина,2018-20-12
95,https://ru.reuters.com/article/topNews/idRUKBN1OJ1JX-ORUTP,"Путин ЧВК Вагнера может работать в любой стране, если не нарушает законы РФ",2018-20-12
96,https://ru.reuters.com/article/topNews/idRUKBN1OJ15H-ORUTP,"Британский медиарегулятор обвинил RT в необъективности, обещает принять меры",2018-20-12
97,https://ru.reuters.com/article/topNews/idRUKBN1OJ0XP-ORUTP,"Сенат США принял временный бюджет, отказался платить за стену на границе",2018-20-12
98,https://ru.reuters.com/article/topNews/idRUKBN1OJ0U8-ORUTP,"Трамп начал вывод сил США из Сирии, объявил о победе над ИГ",2018-20-12
99,https://ru.reuters.com/article/topNews/idRUKBN1OJ0J7-ORUTP,США расширили санкционный список против РФ за вмешательство в выборы,2018-20-12
100,https://ru.reuters.com/article/topNews/idRUKBN1OK1MN-ORUTP,Один человек погиб в результате стрельбы в центре Вены,2018-21-12
101,https://ru.reuters.com/article/topNews/idRUKBN1OK1IO-ORUTP,РФ попросила шведского дипломата покинуть страну - МИД Швеции,2018-21-12
102,https://ru.reuters.com/article/topNews/idRUKBN1OK0ZD-ORUTP,Российский ракетный фрегат движется в направлении Азовского моря -- очевидец Рейтер,2018-21-12
103,https://ru.reuters.com/article/topNews/idRUKBN1OK10M-ORUTP,Китай отмахнулся от клеветнических обвинений в экономическом шпионаже со стороны Запада,2018-21-12
104,https://ru.reuters.com/article/topNews/idRUKBN1OK0R5-ORUTP,Роскомнадзор проверит Би-би-си в ответ на обвинения RT в Британии,2018-21-12
105,https://ru.reuters.com/article/topNews/idRUKBN1OK11O-ORUTP,Кремль приветствует действия Русала для выхода из-под санкций США,2018-21-12
106,https://ru.reuters.com/article/topNews/idRUKBN1OK0WM-ORUTP,Проверка Би-би-си стала ответом на действия против RT -- Кремль,2018-21-12
107,https://ru.reuters.com/article/topNews/idRUKBN1OK0W0-ORUTP,США планируют вывести более 5.000 военных из Афганистана,2018-21-12
108,https://ru.reuters.com/article/topNews/idRUKBN1OK0T8-ORUTP,Палата представителей США согласилась выделить деньги на стену Трампа,2018-21-12
109,https://ru.reuters.com/article/topNews/idRUKBN1OK0QB-ORUTP,Министр обороны США ушел в отставку из-за разногласий с Трампом,2018-21-12
110,https://ru.reuters.com/article/topNews/idRUKCN1ON0SN-ORUTP,Министр обороны США подписал указ о выводе сил из Сирии,2018-24-12
111,https://ru.reuters.com/article/topNews/idRUKCN1ON0GV-ORUTP,Трамп намерен отправить Мэттиса в отставку раньше запланированного срока,2018-24-12
112,https://ru.reuters.com/article/topNews/idRUKCN1ON0E0-ORUTP,Число погибших в результате цунами в Индонезии достигло 281,2018-24-12
113,https://ru.reuters.com/article/topNews/idRUKCN1ON0DW-ORUTP,Правительство США может возобновить работу не раньше января -- Белый дом,2018-24-12
114,https://ru.reuters.com/article/topNews/idRUKCN1OO0HL-ORUTP,У Путина сейчас нет планов встречаться с саудитами из-за падения цен на нефть -- Песков,2018-25-12
115,https://ru.reuters.com/article/topNews/idRUKCN1OO0DV-ORUTP,Трамп и демократы продолжают спорить о финансировании правительства,2018-25-12
116,https://ru.reuters.com/article/topNews/idRUKCN1OO09X-ORUTP,Силуанов переговоры с Минфином США о выводе из-под санкций ГАЗа идут с задержкой,2018-25-12
117,https://ru.reuters.com/article/topNews/idRUKCN1OP0ZW-ORUTP,Назарбаев поменял главу МИД Казахстана,2018-26-12
118,https://ru.reuters.com/article/topNews/idRUKCN1OP0UZ-ORUTP,"Вексельберг потери от санкций США существенны, но не смертельны",2018-26-12
119,https://ru.reuters.com/article/topNews/idRUKCN1OP0RF-ORUTP,Украина не стала продлевать режим военного положения,2018-26-12
120,https://ru.reuters.com/article/topNews/idRUKCN1OP0EU-ORUTP,"Трамп правительство США не заработает, пока не будет решен вопрос о финансировании стены",2018-26-12
121,https://ru.reuters.com/article/topNews/idRUKCN1OR0V7-ORUTP,Сирийская армия вошла в Манбидж после призывов курдов дать отпор Турции,2018-28-12
122,https://ru.reuters.com/article/topNews/idRUKCN1OP0R1-ORUTP,Россия успешно испытала гиперзвуковую ракету и поставит её на вооружение в 2019 году - Путин,2018-28-12
123,https://ru.reuters.com/article/topNews/idRUKCN1OW0XE-ORUTP,При обрушении дома в Магнитогорске погибли 39 человек -- СМИ,2019-03-01
124,https://ru.reuters.com/article/topNews/idRUKCN1OY10C-ORUTP,Арестованный в Москве по подозрению в шпионаже экс-морпех США также является подданным Британии -- МИД РФ,2019-04-01
125,https://ru.reuters.com/article/topNews/idRUKCN1OY102-ORUTP,Арестованный в Москве по подозрению в шпионаже экс-морпех США также является подданным Британии -- МИД РФ,2019-04-01
126,https://ru.reuters.com/article/topNews/idRUKCN1OY0J0-ORUTP,Арестованный в Москве по подозрению в шпионаже экс-морпех США также является подданным Британии -- МИД РФ,2019-04-01
127,https://ru.reuters.com/article/topNews/idRUKCN1OZ0H5-ORUTP,Москва обвинила Вашингтон в задержании гражданина РФ после ареста бывшего морпеха США,2019-05-01
128,https://ru.reuters.com/article/topNews/idRUKCN1OZ0DD-ORUTP,Вселенский Патриарх подписал документ о независимости Православной церкви Украины,2019-05-01
129,https://ru.reuters.com/article/topNews/idRUKCN1P31FY-ORUTP,Курировавший поиски российского следа заместитель генпрокурора США уйдет в отставку -- СМИ,2019-09-01
130,https://ru.reuters.com/article/topNews/idRUKCN1P31EV-ORUTP,Курировавший поиски российского следа заместитель генпрокурора США уйдет в отставку -- СМИ,2019-09-01
131,https://ru.reuters.com/article/topNews/idRUKCN1P30XK-ORUTP,США обвинили встречавшуюся с представителями Трампа юриста из РФ в препятствовании правосудию,2019-09-01
132,https://ru.reuters.com/article/topNews/idRUKCN1P30TI-ORUTP,США обвинили встречавшуюся с представителями Трампа юриста из РФ в препятствовании правосудию,2019-09-01
133,https://ru.reuters.com/article/topNews/idRUKCN1P41TN-ORUTP,Роскомнадзор с 14 по 31 января будет проверять Би-би-си на экстремизм,2019-10-01
134,https://ru.reuters.com/article/topNews/idRUKCN1P41M9-ORUTP,Отказ от компенсаций Минску может стоить РФ союзника --Лукашенко,2019-10-01
135,https://ru.reuters.com/article/topNews/idRUKCN1P41M4-ORUTP,Иран не будет соблюдать незаконные санкции США - министр,2019-10-01
136,https://ru.reuters.com/article/topNews/idRUKCN1P40YK-ORUTP,Турция не откажется от российских С-400 ради покупки систем ПРО у США,2019-10-01
137,https://ru.reuters.com/article/topNews/idRUKCN1P40YD-ORUTP,Трамп и демократы не смогли договориться о возобновлении работы правительства,2019-10-01
138,https://ru.reuters.com/article/topNews/idRUKCN1P40XI-ORUTP,Трамп больше не будет отвечать на вопросы в рамках связанного с Россией дела - адвокат,2019-10-01
139,https://ru.reuters.com/article/topNews/idRUKCN1P510E-ORUTP,Возглавляемая США коалиция начала вывод сил из Сирии,2019-11-01
140,https://ru.reuters.com/article/topNews/idRUKCN1P50RF-ORUTP,ХРОНОЛОГИЯ-Санкции США против России,2019-11-01
141,https://ru.reuters.com/article/topNews/idRUKCN1P50R8-ORUTP,Суд Мьянмы отклонил апелляцию отправленных в тюрьму корреспондентов Рейтер,2019-11-01
142,https://ru.reuters.com/article/topNews/idRUKCN1P50IQ-ORUTP,Мнучин пообещал следить за соблюдением En+ и Русалом условий снятия санкций,2019-11-01
143,https://ru.reuters.com/article/topNews/idRUKCN1P81PF-ORUTP,Трамп отказался на время возобновить работу правительства,2019-14-01
144,https://ru.reuters.com/article/topNews/idRUKCN1P81OL-ORUTP,"Трамп сказал, что никогда не работал на Россию",2019-14-01
145,https://ru.reuters.com/article/topNews/idRUKCN1P81JZ-ORUTP,Индонезийские водолазы нашли второй черный ящик разбившегося лайнера Lion Air,2019-14-01
146,https://ru.reuters.com/article/topNews/idRUKCN1P81FE-ORUTP,ОЗХО внесет Новичок в список запрещенных веществ,2019-14-01
147,https://ru.reuters.com/article/topNews/idRUKCN1P817I-ORUTP,Президент Армении назначил Пашиняна премьер-министром,2019-14-01
148,https://ru.reuters.com/article/topNews/idRUKCN1P816Q-ORUTP,Трамп пригрозил разрушить экономику Турции в случае ударов по курдам в Сирии,2019-14-01
149,https://ru.reuters.com/article/topNews/idRUKCN1P80P8-ORUTP,Мэй предупредила о последствиях провала Brexit в преддверии голосования в парламенте,2019-14-01
150,https://ru.reuters.com/article/topNews/idRUKCN1P80NX-ORUTP,Соратник Трампа призвал на время возобновить работу правительства,2019-14-01
151,https://ru.reuters.com/article/topNews/idRUKCN1P80NF-ORUTP,Глава юридического комитета Сената расспросит ФБР о расследовании связей Трампа с Россией,2019-14-01
152,https://ru.reuters.com/article/topNews/idRUKCN1P80HR-ORUTP,Лидер демократов в Сенате намерен инициировать голосование против снятия санкций с Русала и En+,2019-14-01
153,https://ru.reuters.com/article/topNews/idRUKCN1P91RP-ORUTP,США обвинили несколько человек в хакерской атаке на Комиссию по ценным бумагам и биржам,2019-15-01
154,https://ru.reuters.com/article/topNews/idRUKCN1P91A5-ORUTP,Парламент Британии готовится отклонить сделку Мэй о Brexit,2019-15-01
155,https://ru.reuters.com/article/topNews/idRUKCN1P90ZJ-ORUTP,Власти Зимбабве заинтересованы в российских кредитах -- РИА,2019-15-01
156,https://ru.reuters.com/article/topNews/idRUKCN1P90OH-ORUTP,Кандидат Трампа на пост генпрокурора обещает защитить связанное с РФ расследование от политики,2019-15-01
157,https://ru.reuters.com/article/topNews/idRUKCN1P90K2-ORUTP,Сенат во вторник проголосует о резолюции против снятия санкций с Русала и En+,2019-15-01
158,https://ru.reuters.com/article/topNews/idRUKCN1PA2N3-ORUTP,Резолюция против снятия санкций с Русала забуксовала в Сенате США,2019-16-01
159,https://ru.reuters.com/article/topNews/idRUKCN1PA2DB-ORUTP,Чиновники и эксперты увидели риски недостижения целей Путина,2019-16-01
160,https://ru.reuters.com/article/topNews/idRUKCN1PA1OW-ORUTP,Кремль Путина и Абэ ждут непростые переговоры,2019-16-01
161,https://ru.reuters.com/article/topNews/idRUKCN1PA1KV-ORUTP,ЕС может продлить срок Brexit в случае убедительных доводов Лондона -- Еврокомиссия,2019-16-01
162,https://ru.reuters.com/article/topNews/idRUKCN1PA16E-ORUTP,"России нужен единый, сильный и самостоятельный ЕС -- Лавров",2019-16-01
163,https://ru.reuters.com/article/topNews/idRUKCN1PA0XM-ORUTP,Парламент Британии рассмотрит вотум недоверия Мэй после провала сделки о Brexit,2019-16-01
164,https://ru.reuters.com/article/topNews/idRUKCN1PA0XE-ORUTP,Россия призвала Японию признать итоги второй мировой войны,2019-16-01
165,https://ru.reuters.com/article/topNews/idRUKCN1PA0S0-ORUTP,Не менее 14 человек погибли в результате атаки на отель в Кении - президент,2019-16-01
166,https://ru.reuters.com/article/topNews/idRUKCN1PA0RQ-ORUTP,Москва продлила арест украинских моряков до конца апреля,2019-16-01
167,https://ru.reuters.com/article/topNews/idRUKCN1PA0OU-ORUTP,"Экс-глава штаба Трампа говорил, что помогает людям получать должности в администрации США -- документ",2019-16-01
168,https://ru.reuters.com/article/topNews/idRUKCN1P92N7-ORUTP,Парламент Британии отклонил сделку Мэй о Brexit,2019-16-01
169,https://ru.reuters.com/article/topNews/idRUKCN1PA0KQ-ORUTP,Сенат США одобрил рассмотрение резолюции против снятия санкций с Русала и En+,2019-16-01
170,https://ru.reuters.com/article/topNews/idRUKCN1PB1VA-ORUTP,Экс-адвокат Трампа манипулирование данными опросов было поручением Трампа,2019-17-01
171,https://ru.reuters.com/article/topNews/idRUKCN1PB15L-ORUTP,Парламент Британии рассмотрит запасной план Brexit на голосовании 29 января,2019-17-01
172,https://ru.reuters.com/article/topNews/idRUKCN1PB13I-ORUTP,"Роскомнадзор заявил, что Би-би-си не предоставила информацию о соблюдении закона о СМИ -- ИФ",2019-17-01
173,https://ru.reuters.com/article/topNews/idRUKCN1PB11S-ORUTP,"Facebook удалила новые страницы и аккаунты, связанные с Россией",2019-17-01
174,https://ru.reuters.com/article/topNews/idRUKCN1PB10F-ORUTP,RT будет обжаловать обвинения со стороны британского медиарегулятора в суде,2019-17-01
175,https://ru.reuters.com/article/topNews/idRUKCN1PB0OP-ORUTP,Лидер демократов в Сенате не поддержит кандидата Трампа на пост генпрокурора,2019-17-01
176,https://ru.reuters.com/article/topNews/idRUKCN1PB0NQ-ORUTP,ЕС договорился о введении санкций против подозреваемых в отравлении Скрипалей - дипломаты,2019-17-01
177,https://ru.reuters.com/article/topNews/idRUKCN1PB0MM-ORUTP,США продлили срок завершения операций с Русалом до 28 января,2019-17-01
178,https://ru.reuters.com/article/topNews/idRUKCN1PB0JB-ORUTP,"Мэй преодолела вотум недоверия, пытается вывести Brexit из тупика",2019-17-01
179,https://ru.reuters.com/article/topNews/idRUKCN1PC1QK-ORUTP,"Комитеты Палаты представителей проверят, поручал ли Трамп адвокату лгать в Конгрессе",2019-18-01
180,https://ru.reuters.com/article/topNews/idRUKCN1PC0LV-ORUTP,Следствие считает взрыв газа основной версией обрушения дома в Магнитогорске,2019-18-01
181,https://ru.reuters.com/article/topNews/idRUKCN1PC0KO-ORUTP,"США представили новую стратегию ПРО, назвав КНДР чрезвычайной угрозой",2019-18-01
182,https://ru.reuters.com/article/topNews/idRUKCN1PF1B6-ORUTP,"ЕС ввел санкции против главы, агентов ГРУ за атаку в Солсбери",2019-21-01
183,https://ru.reuters.com/article/topNews/idRUKCN1PF12M-ORUTP,"США вновь призвали Россию уничтожить крылатые ракеты, нарушающие ДРСМД",2019-21-01
184,https://ru.reuters.com/article/topNews/idRUKCN1PF0RT-ORUTP,Роскомнадзор начал производство в отношении Facebook и Twitter,2019-21-01
185,https://ru.reuters.com/article/topNews/idRUKCN1PF0QM-ORUTP,Трамп работал над проектом недвижимости в Москве на протяжении всего 2016г - адвокат,2019-21-01
186,https://ru.reuters.com/article/topNews/idRUKCN1PG0ZO-ORUTP,"Обвиняемый в шпионаже экс-морпех США не знал, что ему передали секретные данные - адвокат",2019-22-01
187,https://ru.reuters.com/article/topNews/idRUKCN1PG104-ORUTP,Самолет с нападающим Кардифф Сити пропал над Ла-Маншем - источники,2019-22-01
188,https://ru.reuters.com/article/topNews/idRUKCN1PF1VP-ORUTP,Не меньше 10 человек погибли при пожаре на двух судах в Керченском проливе,2019-22-01
189,https://ru.reuters.com/article/topNews/idRUKCN1PH27S-ORUTP,Глава МВФ призвала Украину ускорить реформы,2019-23-01
190,https://ru.reuters.com/article/topNews/idRUKCN1PH1TC-ORUTP,"Додон обещает новые выборы, если после февральских не удастся сформировать правительство",2019-23-01
191,https://ru.reuters.com/article/topNews/idRUKCN1PH146-ORUTP,Германия Россия должна прекратить нарушать ДРСМД ради сохранения пакта,2019-23-01
192,https://ru.reuters.com/article/topNews/idRUKCN1PH10O-ORUTP,Германия Россия должна прекратить нарушать ДРСМД ради сохранения пакта,2019-23-01
193,https://ru.reuters.com/article/topNews/idRUKCN1PI2C1-ORUTP,"Связи России и Венесуэлы нефть, кредиты, банки",2019-24-01
194,https://ru.reuters.com/article/topNews/idRUKCN1PI2AX-ORUTP,Украинский суд приговорил бывшего президента Януковича к 13 годам за госизмену,2019-24-01
195,https://ru.reuters.com/article/topNews/idRUKCN1PI20U-ORUTP,США предложили провести переговоры о контроле над вооружениями с Россией - чиновник,2019-24-01
196,https://ru.reuters.com/article/topNews/idRUKCN1PI202-ORUTP,Полиция задержала экс-замминистра энергетики РФ по подозрению в мошенничестве - СМИ,2019-24-01
197,https://ru.reuters.com/article/topNews/idRUKCN1PI1ET-ORUTP,"ЕС призвал не игнорировать протесты в Венесуэле, обеспечить безопасность лидера оппозиции",2019-24-01
198,https://ru.reuters.com/article/topNews/idRUKCN1PI1DA-ORUTP,ООН призвала противоборствующие стороны в Венесуэле к мирному диалогу,2019-24-01
199,https://ru.reuters.com/article/topNews/idRUKCN1PI17N-ORUTP,Кремль Попытка смены власти в Венесуэле нарушает основы международного права,2019-24-01
200,https://ru.reuters.com/article/topNews/idRUKCN1PI0IL-ORUTP,Лидер оппозиции Венесуэлы объявил себя временным президентом при поддержке США,2019-24-01
201,https://ru.reuters.com/article/topNews/idRUKCN1PJ28R-ORUTP,Связанные с Кремлем бойцы помогают охранять президента Венесуэлы -- источники,2019-25-01
202,https://ru.reuters.com/article/topNews/idRUKCN1PJ1LF-ORUTP,ЭКСКЛЮЗИВ-Хакеры усиливают атаки на избирательные системы Украины накануне выборов,2019-25-01
203,https://ru.reuters.com/article/topNews/idRUKCN1PJ1J6-ORUTP,"Соратник Трампа арестован по обвинению в даче ложных показаний, препятствии правосудию",2019-25-01
204,https://ru.reuters.com/article/topNews/idRUKCN1PJ189-ORUTP,"Германия Венесуэла должна провести справедливые выборы, Мадуро не может быть законным лидером",2019-25-01
205,https://ru.reuters.com/article/topNews/idRUKCN1PJ17G-ORUTP,Россия и НАТО не смогли урегулировать спор о ракетах -- Столтенберг,2019-25-01
206,https://ru.reuters.com/article/topNews/idRUKCN1PJ17I-ORUTP,"США хотят лишить Мадуро доходов, чтобы поддержать оппозицию",2019-25-01
207,https://ru.reuters.com/article/topNews/idRUKCN1PK095-ORUTP,Трамп и Конгресс договорились приостановить шатдаун на три недели,2019-26-01
208,https://ru.reuters.com/article/topNews/idRUKCN1PL0RX-ORUTP,"США сняли санкции с Русала, En+ и Евросибэнерго",2019-28-01
209,https://ru.reuters.com/article/topNews/idRUKCN1PM0R8-ORUTP,Следователи отпустили бывшего замминистра энергетики РФ через 48 часов,2019-28-01
210,https://ru.reuters.com/article/topNews/idRUKCN1PN1MB-ORUTP,Уступающий в соцопросах Порошенко решил бороться за второй президентский срок,2019-29-01
211,https://ru.reuters.com/article/topNews/idRUKCN1PN16I-ORUTP,"Глава МИД РФ Москва сделает все, чтобы поддержать Мадуро -- ИФ",2019-29-01
212,https://ru.reuters.com/article/topNews/idRUKCN1PN117-ORUTP,"Глава МИД РФ Москва сделает все, чтобы поддержать Мадуро -- ИФ",2019-29-01
213,https://ru.reuters.com/article/topNews/idRUKCN1PN0NU-ORUTP,Глава МИД Дании призвал ЕС к санкциям против России из-за конфликта в Азовском море,2019-29-01
214,https://ru.reuters.com/article/topNews/idRUKCN1PN0JE-ORUTP,"США ввели санкции против PDVSA, усилив давление на Мадуро",2019-29-01
215,https://ru.reuters.com/article/topNews/idRUKCN1PO14P-ORUTP,"Суд Венесуэлы запретил лидеру оппозиции покидать страну, заморозил его счета",2019-30-01
216,https://ru.reuters.com/article/topNews/idRUKCN1PO124-ORUTP,"Суд Венесуэлы запретил лидеру оппозиции покидать страну, заморозил его счета",2019-30-01
217,https://ru.reuters.com/article/topNews/idRUKCN1PO11O-ORUTP,Разведка США предупредила об угрозах со стороны Китая и России,2019-30-01
218,https://ru.reuters.com/article/topNews/idRUKCN1PO10Z-ORUTP,Соратник Трампа не признал себя виновным в рамках связанного с Россией дела,2019-30-01
219,https://ru.reuters.com/article/topNews/idRUKCN1PO0UQ-ORUTP,Демократы США рассматривают меры для контроля за соблюдением Дерипаской условий снятия санкций,2019-30-01
220,https://ru.reuters.com/article/topNews/idRUKCN1PP175-ORUTP,США могут в ближайшие дни объявить о приостановке соблюдения ДРСМД -- Госдепартамент,2019-31-01
221,https://ru.reuters.com/article/topNews/idRUKCN1PP152-ORUTP,Белый дом предостерег трейдеров от торговли венесуэльским золотом и нефтью,2019-31-01
222,https://ru.reuters.com/article/topNews/idRUKCN1PP122-ORUTP,Трамп и Ким встретятся в Азии в конце февраля -- Помпео,2019-31-01
223,https://ru.reuters.com/article/topNews/idRUKCN1PP0NO-ORUTP,Согласованный США независимый управляющий для En+ годами работал с Дерипаской,2019-31-01
224,https://ru.reuters.com/article/topNews/idRUKCN1PQ4WZ-ORUTP,"США приостанавливают соблюдение ДРСМД, могут выйти из соглашения через полгода",2019-01-02
225,https://ru.reuters.com/article/topNews/idRUKCN1PQ4PS-ORUTP,ХРОНОЛОГИЯ-Санкции США против России,2019-01-02
226,https://ru.reuters.com/article/topNews/idRUKCN1PQ41N-ORUTP,"ИНТЕРВЬЮ-Смена власти в Венесуэле будет выгодна России, Китаю -- лидер оппозиции",2019-01-02
227,https://ru.reuters.com/article/topNews/idRUKCN1PQ4AO-ORUTP,Кремль Россия не имеет отношения к продаже золотых запасов Венесуэлой,2019-01-02
228,https://ru.reuters.com/article/topNews/idRUKCN1PQ48L-ORUTP,Отправленные в тюрьму в Мьянме корреспонденты Рейтер подали апелляцию в Верховный суд,2019-01-02
229,https://ru.reuters.com/article/topNews/idRUKCN1PQ43S-ORUTP,ЭКСКЛЮЗИВ-Венесуэла планирует продать ОАЭ 29 тонн золота из хранилищ ЦБ - источник,2019-01-02
230,https://ru.reuters.com/article/topNews/idRUKCN1PQ43N-ORUTP,"Розенстайн заверил Трампа, что он не мишень связанного с Россией расследования - NYT",2019-01-02
231,https://ru.reuters.com/article/topNews/idRUKCN1PQ40N-ORUTP,"ИНТЕРВЬЮ-Смена власти в Венесуэле будет выгодна России, Китаю -- лидер оппозиции",2019-01-02
232,https://ru.reuters.com/article/topNews/idRUKCN1PQ40L-ORUTP,"Розенстайн заверил Трампа, что он не мишень связанного с Россией расследования - NYT",2019-01-02
233,https://ru.reuters.com/article/topNews/idRUKCN1PR084-ORUTP,Россия вслед за США приостановила участие в ДРСМД,2019-02-02
234,https://ru.reuters.com/article/topNews/idRUKCN1PT1MA-ORUTP,"Назарбаев запросил юридическое толкование условий прекращения полномочий, намекнув на досрочные выборы",2019-04-02
235,https://ru.reuters.com/article/topNews/idRUKCN1PT0XS-ORUTP,Ведущие страны ЕС признали Гуаидо временным президентом Венесуэлы,2019-04-02
236,https://ru.reuters.com/article/topNews/idRUKCN1PT0VB-ORUTP,Трамп военное вмешательство США в Венесуэлу - один из вариантов,2019-04-02
237,https://ru.reuters.com/article/topNews/idRUKCN1PT181-ORUTP,Кабул считает предательством встречу афганской оппозиции с талибами в Москве,2019-04-02
238,https://ru.reuters.com/article/topNews/idRUKCN1PT13J-ORUTP,АНАЛИЗ-Сделка с США не развеяла сомнения о влиянии Дерипаски на Русал,2019-04-02
239,https://ru.reuters.com/article/topNews/idRUKCN1PU1II-ORUTP,Власти ЦАР заключили мир с вооруженными группировками,2019-05-02
240,https://ru.reuters.com/article/topNews/idRUKCN1PU12Z-ORUTP,ЭКСКЛЮЗИВ-Как Россия заметала следы потерь после боя в Сирии,2019-05-02
241,https://ru.reuters.com/article/topNews/idRUKCN1PU0ZA-ORUTP,Администрация Назарбаева отвергла вероятность досрочных президентских выборов в Казахстане,2019-05-02
242,https://ru.reuters.com/article/topNews/idRUKCN1PU0WI-ORUTP,Шойгу распорядился разработать дальнобойную крылатую ракету наземного базирования в 19-20гг -- ИФ,2019-05-02
243,https://ru.reuters.com/article/topNews/idRUKCN1PU0S2-ORUTP,КНДР защищает свое ядерное оружие от уничтожения -- наблюдатели ООН,2019-05-02
244,https://ru.reuters.com/article/topNews/idRUKCN1PV0N2-ORUTP,Мнучин подтвердил участие в торговых переговорах в Китае на следующей неделе -- CNBC,2019-06-02
245,https://ru.reuters.com/article/topNews/idRUKCN1PV1RL-ORUTP,США не назначали сроков возможного сокращения численности сил в Афганистане - Госдепартамент,2019-06-02
246,https://ru.reuters.com/article/topNews/idRUKCN1PV0ZN-ORUTP,FACTBOX-Гуаидо против Мадуро кто поддерживает двух президентов Венесуэлы,2019-06-02
247,https://ru.reuters.com/article/topNews/idRUKCN1PV0SO-ORUTP,Британские министры провели тайные переговоры об отсрочке Brexit -- газета,2019-06-02
248,https://ru.reuters.com/article/topNews/idRUKCN1PV0O9-ORUTP,"Трамп пообещал построить стену на границе, предостерег демократов от расследований",2019-06-02
249,https://ru.reuters.com/article/topNews/idRUKCN1PW0YC-ORUTP,Венесуэльская оппозиция планирует получать доходы от продажи нефти через фонд в США,2019-07-02
250,https://ru.reuters.com/article/topNews/idRUKCN1PW0Y4-ORUTP,Путин в четверг встретится с главой BP в Кремле--Песков,2019-07-02
251,https://ru.reuters.com/article/topNews/idRUKCN1PW0P2-ORUTP,Комитет Палаты представителей проверит финансовые сделки Трампа в рамках поиска российского следа,2019-07-02
252,https://ru.reuters.com/article/topNews/idRUKCN1PX0MW-ORUTP,Трамп не планирует встречаться с Си до конца торгового перемирия,2019-08-02
253,https://ru.reuters.com/article/topNews/idRUKCN1Q01ND-ORUTP,ЭКСКЛЮЗИВ-Мадуро ищет защиты у ОПЕК от санкций США -- документ,2019-11-02
254,https://ru.reuters.com/article/topNews/idRUKCN1Q0110-ORUTP,Немецкие банки пытаются смягчить последствия возможного ужесточения санкций США против РФ,2019-11-02
255,https://ru.reuters.com/article/topNews/idRUKCN1Q1154-ORUTP,"КНДР могла нарастить арсенал ядерного оружия, но угроза снизилась -- исследование",2019-12-02
256,https://ru.reuters.com/article/topNews/idRUKCN1Q114Q-ORUTP,Песков речи о формализации отношений РФ и ОПЕК нет,2019-12-02
257,https://ru.reuters.com/article/topNews/idRUKCN1Q10UA-ORUTP,Конгресс США достиг предварительного соглашения для предотвращения нового шатдауна,2019-12-02
258,https://ru.reuters.com/article/topNews/idRUKCN1Q21XA-ORUTP,"Трамп, скорее всего, подпишет соглашение о финансировании правительства -- источник",2019-13-02
259,https://ru.reuters.com/article/topNews/idRUKCN1Q21V0-ORUTP,"Трамп, скорее всего, подпишет соглашение о финансировании правительства -- источник",2019-13-02
260,https://ru.reuters.com/article/topNews/idRUKCN1Q21BJ-ORUTP,Венесуэла хочет удвоить экспорт нефти в Индию на фоне санкций США,2019-13-02
261,https://ru.reuters.com/article/topNews/idRUKCN1Q20OE-ORUTP,Трамп допустил продление крайнего срока заключения торговой сделки с Китаем,2019-13-02
262,https://ru.reuters.com/article/topNews/idRUKCN1Q32FC-ORUTP,Bellingcat назвала настоящее имя третьего подозреваемого в отравлении Скрипалей,2019-14-02
263,https://ru.reuters.com/article/topNews/idRUKCN1Q31XC-ORUTP,Немецкая разведка изучает связи правых партий с Россией -- СМИ,2019-14-02
264,https://ru.reuters.com/article/topNews/idRUKCN1Q31UY-ORUTP,ХРОНОЛОГИЯ-Санкции США против России,2019-14-02
265,https://ru.reuters.com/article/topNews/idRUKCN1Q31DI-ORUTP,"Власти РФ подготовили меры защиты от новых санкций, но надеются на лучшее",2019-14-02
266,https://ru.reuters.com/article/topNews/idRUKCN1Q22M6-ORUTP,Сенаторы США вновь попытаются принять законопроект о санкциях против РФ,2019-14-02
267,https://ru.reuters.com/article/topNews/idRUKCN1Q311L-ORUTP,"Конгресс США доработал законопроект о бюджете, не включил требование Трампа",2019-14-02
268,https://ru.reuters.com/article/topNews/idRUKCN1Q4289-ORUTP,Суд продлил задержание основателя Baring Vostok на 72 часа,2019-15-02
269,https://ru.reuters.com/article/topNews/idRUKCN1Q427X-ORUTP,Адвокат назвал дело против Калви из Baring Vostok попыткой давления,2019-15-02
270,https://ru.reuters.com/article/topNews/idRUKCN1Q425C-ORUTP,ЕС введет санкции против еще восьмерых россиян из-за инцидента в Азовском море -- источники,2019-15-02
271,https://ru.reuters.com/article/topNews/idRUKCN1Q4223-ORUTP,ЭКСКЛЮЗИВ-Бывшая жена погибшего бойца просит Кремль раскрыть тайну операции в Сирии,2019-15-02
272,https://ru.reuters.com/article/topNews/idRUKCN1Q41WO-ORUTP,"США объявили о санкциях против пяти лиц, связанных с Венесуэлой",2019-15-02
273,https://ru.reuters.com/article/topNews/idRUKCN1Q41W4-ORUTP,США могут вывести более 1.000 военных из Афганистана - генерал,2019-15-02
274,https://ru.reuters.com/article/topNews/idRUKCN1Q40UZ-ORUTP,США и Китай продолжат торговые переговоры в Вашингтоне на следующей неделе,2019-15-02
275,https://ru.reuters.com/article/topNews/idRUKCN1Q41FG-ORUTP,"Следствие подозревает основателя Baring Vostok и партнеров в хищении 2,5 млрд р у банка Восточный",2019-15-02
276,https://ru.reuters.com/article/topNews/idRUKCN1Q415O-ORUTP,Основатель Baring Vostok задержан в Москве по подозрению в мошенничестве,2019-15-02
277,https://ru.reuters.com/article/topNews/idRUKCN1Q4186-ORUTP,Премьер Испании объявил о проведении досрочных парламентских выборов,2019-15-02
278,https://ru.reuters.com/article/topNews/idRUKCN1Q417E-ORUTP,Британские следователи установили личность 3-го подозреваемого в отравлении Скрипалей -- источники,2019-15-02
279,https://ru.reuters.com/article/topNews/idRUKCN1Q40U4-ORUTP,Трамп согласился подписать законопроект для предотвращения нового шатдауна,2019-15-02
280,https://ru.reuters.com/article/topNews/idRUKCN1Q50MJ-ORUTP,Басманный суд оставил главу инвестгруппы Baring Vostok Калви под стражей до 13 апр,2019-16-02
281,https://ru.reuters.com/article/topNews/idRUKCN1Q70RU-ORUTP,"Кремль надеется, что арест сооснователя Baring Vostok не повлияет на инвестклимат в РФ",2019-18-02
282,https://ru.reuters.com/article/topNews/idRUKCN1Q70EW-ORUTP,Baring Vostok обвинения против наших сотрудников не имеют под собой оснований,2019-18-02
283,https://ru.reuters.com/article/topNews/idRUKCN1Q81OH-ORUTP,РФ и С. Аравия подтвердили готовность продолжить координацию на рынке углеводородов,2019-19-02
284,https://ru.reuters.com/article/topNews/idRUKCN1Q81DP-ORUTP,Пакистан выразил готовность к сотрудничеству с Индией в рамках расследования атаки в Кашмире,2019-19-02
285,https://ru.reuters.com/article/topNews/idRUKCN1Q80R5-ORUTP,Штаты США подали иск против Трампа из-за противостояния вокруг стены на границе,2019-19-02
286,https://ru.reuters.com/article/topNews/idRUKCN1Q927W-ORUTP,"Путин пообещал населению деньги, бизнесу - свободу, США - ракеты",2019-20-02
287,https://ru.reuters.com/article/topNews/idRUKCN1Q91DE-ORUTP,"Путин грозит развернуть ракеты, которые могут достичь США",2019-20-02
288,https://ru.reuters.com/article/topNews/idRUKCN1QA159-ORUTP,Следствие предъявило обвинение в мошенничестве основателю Baring Vostok,2019-21-02
289,https://ru.reuters.com/article/topNews/idRUKCN1QA1UU-ORUTP,Назарбаев принял отставку правительства -- указ,2019-21-02
290,https://ru.reuters.com/article/topNews/idRUKCN1QA1TM-ORUTP,Украина обвиняет Россию в попытках вмешаться в президентские выборы,2019-21-02
291,https://ru.reuters.com/article/topNews/idRUKCN1QA15D-ORUTP,FACTBOX-Законопроект из ада о санкциях против РФ вернулся в Конгресс,2019-21-02
292,https://ru.reuters.com/article/topNews/idRUKCN1QA0W4-ORUTP,"Венесуэла получает топливо из России и Европы, но цена растет",2019-21-02
293,https://ru.reuters.com/article/topNews/idRUKCN1QB1HH-ORUTP,Вице-президент Венесуэлы может в ближайшее время посетить Москву -- Интерфакс,2019-22-02
294,https://ru.reuters.com/article/topNews/idRUKCN1QB0KP-ORUTP,Суд огласит приговор экс-главе штаба Трампа 8 марта,2019-22-02
